TIMESTAMP,00:08:30:B7:05:62,00:08:30:D7:B8:10,00:08:30:D7:B8:12,00:08:30:E5:30:F4,00:08:30:E5:3E:04,00:08:30:E5:53:40,00:08:30:E5:53:41,00:08:30:E5:53:42,00:08:30:E5:53:43,00:08:30:E5:53:44,00:08:30:E5:7F:E1,00:08:30:E5:7F:E2,00:08:30:E5:7F:E3,00:08:30:E5:7F:E4,00:08:30:E5:9A:23,0C:4B:54:C4:06:9B,3E:2E:F9:D7:B0:9A,44:C3:46:19:93:51,48:7D:2E:20:78:99,5C:83:8F:8F:FD:F0,5C:83:8F:8F:FD:F1,5C:83:8F:8F:FD:F2,5C:83:8F:8F:FD:F4,68:BC:0C:07:24:D0,68:BC:0C:07:24:D1,68:BC:0C:07:24:D2,68:BC:0C:07:24:D3,68:BC:0C:07:24:D4,68:BC:0C:0A:C0:C1,68:BC:0C:0A:D4:E0,68:BC:0C:0A:D4:E1,68:BC:0C:0A:D4:E2,68:BC:0C:0A:D4:E3,68:BC:0C:0A:D4:E4,68:BC:0C:0A:DD:A0,68:BC:0C:0A:DD:A2,68:BC:0C:0A:DD:A3,68:BC:0C:0A:DD:A4,9C:D3:6D:A3:B4:32,DC:EE:06:91:61:D1,E0:B9:4D:36:55:53,EE:D0:9F:57:41:D1,00:08:30:E5:30:F1,00:08:30:E5:3E:00,00:08:30:E5:3E:02,00:08:30:E5:3E:03,00:08:30:E5:7F:E0,60:C5:A8:E1:3D:29,78:54:2E:F0:39:58,DC:FE:18:C6:C4:59,EC:26:CA:38:DB:DC,00:08:30:D7:AD:43,00:08:30:D7:B8:13,00:08:30:D7:B8:14,00:08:30:D7:C3:54,00:08:30:D7:E9:50,00:08:30:E5:30:F3,0C:4B:54:B5:ED:FA,68:BC:0C:07:03:90,68:BC:0C:07:03:91,68:BC:0C:07:03:93,68:BC:0C:07:03:94,00:08:30:D7:99:71,00:08:30:D7:99:72,00:08:30:D7:99:74,00:08:30:D7:B8:11,00:08:30:D7:DB:23,44:C3:46:19:93:89,5C:83:8F:8F:FD:F3,68:BC:0C:07:22:E0,68:BC:0C:07:22:E3,6C:B0:CE:42:51:7C,00:08:30:D7:99:70,00:08:30:D7:C3:50,A8:15:4D:3B:D9:8C,FA:34:41:E1:17:F7,00:08:30:D7:AD:42,00:08:30:D7:B8:42,00:08:30:D7:DB:20,14:75:90:4A:B6:8A,00:08:30:D7:E9:51,00:08:30:D7:E9:52,00:08:30:D7:62:F1,00:08:30:D7:99:73,00:08:30:D7:AD:44,00:08:30:D7:B8:40,00:08:30:E5:0B:A1,00:08:30:E5:3E:01,00:08:30:D7:65:10,00:08:30:D7:65:11,00:08:30:D7:65:12,00:08:30:D7:65:13,00:08:30:D7:AD:40,00:08:30:D7:AD:41,00:08:30:E5:0B:A2,00:08:30:E5:9A:24,00:08:30:B7:05:60,00:08:30:B7:05:64,00:08:30:D7:DB:21,00:08:30:D7:DB:22,00:08:30:D7:DB:24,00:08:30:E5:3D:D1,00:08:30:E5:3D:D4,00:08:30:B7:05:61,00:08:30:B7:05:63,00:08:30:E5:0B:A0,00:08:30:E5:0B:A3,68:BC:0C:0A:C0:C0,68:BC:0C:0A:C0:C2,00:08:30:D7:62:F0,00:08:30:D7:62:F3,00:08:30:D7:62:F4,00:08:30:D7:65:14,00:08:30:E5:0B:A4,68:BC:0C:0A:C0:C4,68:BC:0C:0A:E6:90,68:BC:0C:0A:E6:94,68:BC:0C:07:22:E1,68:BC:0C:0A:B0:73,68:BC:0C:0A:B0:74,68:BC:0C:0A:E6:93,00:08:30:D7:62:F2,00:08:30:D7:B8:43,00:08:30:D7:E9:53,00:08:30:E5:02:B1,00:08:30:E5:02:B3,68:BC:0C:07:22:E2,68:BC:0C:0A:E6:92,5C:83:8F:3C:6E:52,68:BC:0C:0A:B0:71,68:BC:0C:0A:E6:91,00:08:30:B7:00:A2,00:08:30:E5:02:B2,68:BC:0C:07:22:E4,00:08:30:B7:00:A4,00:08:30:D7:B8:41,00:08:30:D7:B8:44,00:08:30:E5:30:F0,5C:83:8F:3C:6E:53,5C:83:8F:3C:6E:54,00:08:30:D7:5F:B1,00:08:30:D7:E9:54,00:08:30:E5:3D:83,00:08:30:E5:3D:84,00:08:30:B7:00:A1,00:08:30:B7:00:A3,00:08:30:D7:C3:51,5C:83:8F:3C:6E:50,5C:83:8F:3C:6E:51,68:BC:0C:07:17:A4,E2:CC:F8:06:03:45,00:08:30:B7:00:A0,00:08:30:E5:3B:61,00:08:30:E5:4B:90,00:08:30:E5:4B:93,00:08:30:E5:4B:92,00:08:30:E5:4B:94,68:BC:0C:0A:C0:C3,00:08:30:D7:C3:53,00:08:30:D7:C3:52,68:BC:0C:07:17:A0,68:BC:0C:07:17:A1,68:BC:0C:07:32:30,34:23:87:9A:E9:D9,68:BC:0C:07:17:A3,68:BC:0C:07:32:34,68:BC:0C:0A:D7:00,68:BC:0C:0A:D7:03,68:BC:0C:0A:D7:02,C0:61:18:3F:80:20,FA:34:41:E1:1A:8B,00:08:30:E5:4B:91,68:BC:0C:0A:D7:01,6E:B0:CE:42:51:7D,00:08:30:D7:B0:B2,00:08:30:D7:BF:D0,00:08:30:E5:3B:60,00:08:30:E5:3B:64,68:BC:0C:07:32:32,00:08:30:E5:3B:62,00:08:30:E5:3B:63,68:BC:0C:0A:D7:04,9E:DA:3E:9D:BA:9D,38:22:D6:A7:DA:D0,00:08:30:D7:BF:D2,00:08:30:D7:BF:D3,00:08:30:D7:BF:D4,00:08:30:D7:B0:B0,00:08:30:D7:BF:D1,D6:25:8B:F1:68:E6,00:08:30:D7:A5:90,00:08:30:D7:A5:91,00:08:30:D7:B0:B3,46:03:2C:D4:E4:A0,00:08:30:D7:A5:93,00:08:30:E5:39:72,00:08:30:D7:A5:92,00:08:30:D7:B0:B4,68:BC:0C:0A:F0:E0,5C:83:8F:77:6E:71,00:08:30:D7:A5:94,00:08:30:D7:B0:B1,68:BC:0C:0A:F0:E1,68:BC:0C:0A:F0:E2,68:BC:0C:0A:F0:E3,68:BC:0C:0A:F0:E4,00:08:30:E5:30:F2,00:08:30:E5:39:73,4C:AC:0A:0C:2E:41,00:08:30:D7:92:20,00:08:30:D7:92:22,00:08:30:D7:92:23,00:08:30:D7:92:24,00:08:30:D7:AC:E0,00:08:30:D7:AC:E3,88:25:93:5F:A7:32,8E:99:4B:00:B6:C8,B8:08:D7:E0:C7:A2,0C:4B:54:B5:EF:B6,24:F2:7F:C3:60:41,24:F2:7F:C3:60:44,3C:CE:73:70:EF:80,3C:CE:73:70:EF:84,BC:46:99:62:C6:23,68:BC:0C:07:03:92,68:BC:0C:0A:DD:A1,00:08:30:E5:9A:21,32:F7:72:53:5E:9A,8A:78:73:C3:D8:4F,00:08:30:E5:3D:D2,AE:ED:5C:A8:F3:45,00:08:30:E5:3D:D0,00:08:30:E5:9A:22,00:08:30:E5:02:B4,00:08:30:E5:02:B0,68:BC:0C:0A:B0:70,68:BC:0C:0A:B0:72,68:BC:0C:07:17:A2,68:BC:0C:0A:AF:20,68:BC:0C:0A:AF:24,00:08:30:E5:39:71,00:08:30:E5:39:74,00:08:30:D7:92:21,4C:AC:0A:0C:2F:95,5E:AC:0A:0C:2F:95,6E:AC:0A:0C:2F:95,24:F2:7F:C3:60:43,24:F2:7F:C3:5F:41,24:F2:7F:C3:5F:44,F0:B4:29:25:C5:7D,00:08:30:E5:39:70,20:DC:E6:B4:2C:DA,68:BC:0C:0A:AF:21,68:BC:0C:0A:AF:23,20:6B:E7:C4:DF:79,68:BC:0C:0A:AF:22,30:FC:68:BB:6E:ED,F4:83:CD:55:10:93,00:08:30:D7:AC:E4,00:0C:43:E1:76:28,00:23:89:D0:CB:40,68:BC:0C:07:09:E1,B4:0F:3B:C5:F3:31,00:08:30:D7:AC:E1,00:08:30:E5:2D:83,F0:B4:29:F1:98:2E,68:BC:0C:07:09:E0,68:BC:0C:07:09:E2,68:BC:0C:07:09:E3,68:BC:0C:07:09:E4,C4:CA:D9:6D:CC:F0,C4:CA:D9:6D:CC:F1,F2:B4:29:F0:98:2E,F8:D0:27:F3:EE:30,30:B4:9E:71:A6:1B,B8:62:1F:53:72:0D,00:08:30:E4:D2:F2,00:08:30:E4:D2:F4,00:08:30:E5:5D:C1,00:08:30:E5:5D:C4,8E:99:4B:00:B5:DC,00:08:30:E4:D2:F0,00:08:30:E4:D2:F3,30:FC:68:90:C5:D8,00:08:30:A7:85:90,00:08:30:A7:85:91,00:08:30:A7:85:93,00:08:30:E5:5D:C3,00:23:89:C4:EE:D0,00:26:99:74:5D:94,14:CC:20:53:97:DC,BC:46:99:34:A6:DA,BA:C1:11:7E:F7:21,20:6B:E7:4B:01:89,00:34:CB:54:CD:00,00:34:CB:68:D7:5F,38:22:D6:55:54:20,F4:83:CD:89:5E:4E,30:FC:68:8D:40:B6,00:08:30:E5:5D:C2,00:08:30:E4:D2:F1,00:08:30:E5:5D:C0,C4:04:15:88:5A:97
1545121436,0,0,0,0,-56,0,0,0,-72,0,0,0,0,0,0,0,-33,0,0,0,0,0,0,-71,-69,-70,-69,-69,-57,-56,-57,0,0,0,0,0,0,0,0,-72,0,0,0,0,-55,-55,0,0,0,0,0,0,0,0,0,0,0,0,0,0,0,0,0,0,0,0,0,0,0,0,0,0,0,0,0,0,0,0,0,0,0,0,0,0,0,0,0,-55,0,0,0,0,0,0,0,0,0,0,0,0,0,0,0,0,0,0,0,-57,-56,0,-78,-79,0,0,-57,0,0,0,0,0,0,0,0,0,0,0,0,0,0,0,0,0,0,0,0,0,0,0,0,-65,0,0,0,0,0,0,0,-65,0,0,0,0,0,-57,-61,-61,-56,-57,0,0,0,0,0,0,0,0,0,0,0,0,-67,0,0,0,-63,-62,0,0,0,0,0,0,0,0,-62,-61,0,0,0,0,0,-73,-65,0,-68,0,0,-63,0,0,0,-64,-64,0,0,0,0,0,0,-66,-66,0,-66,0,0,0,0,0,0,0,0,0,0,0,0,0,0,0,0,0,0,0,0,0,0,0,0,0,0,-69,0,0,0,0,0,0,0,0,0,0,0,0,0,0,0,0,0,0,0,0,0,0,0,0,0,0,0,0,0,0,0,0,0,0,0,0,0,0,0,0,0,0,0,0,0,0,0,0,0,0,0,0,0,0,0,0,0,0,0,0,0,0,0
1545121437,0,0,0,0,-56,0,0,0,-72,0,0,0,0,0,0,0,-35,0,0,0,0,0,0,-71,-69,-70,-73,-69,-57,-58,-57,-58,-58,-57,0,0,0,0,0,-72,0,0,0,0,-55,-55,0,0,0,0,0,0,0,0,0,0,0,0,0,0,0,0,0,0,0,0,0,0,0,0,0,0,0,0,0,0,0,0,0,0,0,0,0,0,0,0,0,-55,0,0,0,0,0,0,0,0,0,0,0,0,0,0,0,0,0,0,0,-57,-58,0,-78,-79,0,0,-57,0,0,0,0,0,0,0,0,0,0,0,0,0,-61,0,0,0,0,0,0,0,0,0,0,-70,0,0,0,0,0,0,0,-65,0,0,0,0,0,-54,-54,-55,-56,-57,0,0,0,0,0,0,0,0,0,0,0,0,-70,-55,0,0,-69,-62,0,0,0,0,0,0,0,0,-62,-63,-72,-63,-72,0,0,-73,-69,-68,-68,-68,-72,-62,-64,0,-70,-68,-64,-73,0,-65,0,-68,0,-66,-66,0,-69,0,0,0,0,0,0,0,0,0,0,0,0,0,0,0,0,0,0,0,0,0,0,0,0,0,-68,-69,-69,-69,0,0,0,0,0,0,0,0,0,0,-68,-69,0,-69,0,0,0,0,0,0,0,0,0,0,0,0,0,0,0,0,0,0,0,0,0,0,0,0,0,0,0,0,0,0,0,0,0,0,0,0,0,0,0,0,0,0,0,0,0,0,0
1545121438,0,0,0,0,-56,0,0,0,-72,0,0,0,0,0,0,0,-49,0,0,0,0,0,0,-71,-69,-70,-73,-69,-57,-51,-51,-51,-51,-50,0,0,0,0,0,-72,0,0,0,0,-55,-55,0,0,0,0,0,0,0,0,0,0,0,0,0,0,0,0,0,0,0,0,0,0,0,0,0,0,0,0,0,0,0,0,0,0,0,0,0,0,0,0,0,-55,0,0,0,0,0,0,0,0,0,0,0,0,0,0,0,0,0,0,0,-59,-58,0,-78,-79,0,0,-58,0,0,0,0,0,0,0,0,0,0,0,0,0,-59,0,0,0,0,0,0,0,0,0,-59,-70,0,0,0,0,0,0,0,-65,-60,0,0,0,0,-54,-54,-55,-56,-58,0,0,0,0,0,0,0,0,0,0,0,0,-68,-55,0,0,-72,-62,0,0,0,0,0,0,0,0,-62,-63,-72,-63,-72,0,0,-73,-72,-68,-68,-68,-72,-62,-64,0,-70,-73,-71,-73,0,-65,0,-71,0,-66,-69,-69,-69,0,0,0,0,0,0,0,0,0,0,0,0,0,0,0,0,0,0,0,0,0,0,0,0,0,-68,-69,-69,-69,0,0,0,0,0,0,0,0,0,0,-69,-69,0,-69,0,0,0,0,0,0,0,0,0,0,0,0,0,0,0,0,0,0,0,0,0,0,0,0,0,0,0,0,0,0,0,0,0,0,0,0,0,0,0,0,0,0,0,0,0,0,0
1545121439,0,0,0,0,-56,0,0,0,-75,0,0,0,0,0,0,0,-43,0,0,0,0,0,0,-71,-69,-71,-68,-69,-58,-51,-52,-51,-51,-51,0,0,0,0,0,-72,0,0,0,0,-55,-55,0,0,0,0,0,0,0,0,0,0,0,0,0,0,0,0,0,0,0,0,0,0,0,0,0,0,0,0,0,0,0,0,0,0,0,0,0,0,0,0,0,-55,0,0,0,0,0,0,0,0,0,0,0,0,0,0,0,0,0,0,0,-58,-57,0,-78,-79,0,0,-57,0,0,0,0,0,0,0,0,0,0,0,0,0,-59,0,0,0,0,0,0,0,0,0,-59,-60,0,0,0,0,0,0,0,-65,-60,0,0,0,0,-54,-54,-57,-57,-57,0,0,0,0,0,0,0,0,0,0,0,0,-71,-55,0,0,-72,-63,0,0,0,0,0,0,0,0,-62,-63,-63,-68,-72,0,0,-73,-72,-74,-68,-68,-72,-69,-73,0,-70,-73,-71,-73,-64,-65,0,-71,0,-70,-69,-70,-69,0,0,0,0,-84,0,0,0,0,0,0,0,0,0,0,0,0,0,0,0,0,0,0,0,0,-70,-67,-69,-69,0,0,0,0,0,0,0,0,0,0,-69,-69,0,-69,0,0,0,0,0,0,-84,0,0,0,0,0,0,0,0,0,0,0,0,0,0,0,0,0,0,0,0,0,0,0,0,0,0,0,0,0,0,0,0,0,0,0,0,0,0,0,0
1545121440,0,0,0,0,-56,0,0,-76,-75,-75,0,0,0,0,0,0,-31,0,0,0,0,0,0,-71,-72,-72,-68,-69,-61,-53,-54,-54,-54,-53,0,0,0,0,0,-72,0,0,0,0,-55,-55,0,0,0,0,0,0,0,0,0,0,0,0,0,0,0,0,0,0,0,0,0,0,0,0,0,0,0,0,0,0,0,0,0,0,0,0,0,0,0,0,0,-55,0,0,0,0,0,0,0,0,0,0,0,0,0,0,0,0,0,0,0,-58,-60,0,-78,-79,0,0,-61,0,0,0,0,0,0,0,0,0,0,0,0,0,-59,0,0,0,0,0,0,0,0,0,-59,-60,0,0,0,0,0,0,0,-60,-60,0,0,0,0,-57,-54,-57,-55,-62,0,0,0,0,0,0,0,0,0,0,0,0,-70,-55,0,0,-73,-63,0,0,0,0,0,0,0,0,-64,-63,-63,-73,-63,0,0,-73,-72,-74,-68,-68,-72,-69,-73,0,-70,-72,-71,-73,-64,-65,0,-71,0,-68,-68,-70,-68,0,0,0,0,-84,0,0,0,0,0,-76,0,0,0,0,0,0,0,0,0,0,0,0,0,0,-70,-66,-69,-69,0,0,0,0,0,0,0,0,0,0,-66,-69,0,-69,0,0,0,0,0,0,-84,0,0,0,0,0,0,0,0,0,0,0,0,0,0,0,0,0,0,0,0,0,0,0,0,0,0,0,0,0,0,0,0,0,0,0,0,0,0,0,0
1545121441,0,0,0,0,-56,0,0,-76,-75,-75,0,0,0,0,0,0,-43,0,0,0,0,0,0,-71,-74,-72,-68,-69,-59,-53,-57,-54,-57,-57,0,0,0,0,0,-72,0,0,0,0,-55,-55,0,0,0,0,0,0,0,0,0,0,0,0,0,0,0,0,0,0,0,0,0,0,0,0,0,0,0,0,0,0,0,0,0,0,0,0,0,0,0,0,0,-55,0,0,0,0,0,0,0,0,0,0,0,0,0,0,0,0,0,0,0,-58,-59,0,-78,-79,0,0,-59,0,0,0,0,0,0,0,0,0,0,0,0,0,-66,0,0,0,0,0,0,0,0,0,-59,-60,0,0,0,0,0,0,0,-60,-60,0,0,0,0,-57,-56,-57,-56,-59,0,0,0,0,0,0,0,0,0,0,0,0,-61,-55,0,0,-63,-63,0,0,0,0,0,0,0,0,-64,-63,-63,-63,-63,0,-71,-73,-72,-73,-68,-68,-72,-63,-73,0,-70,-63,-71,-73,-63,-65,0,-71,0,-68,-68,-70,-68,0,0,0,0,-84,0,0,0,0,0,-76,0,0,0,0,0,0,0,0,0,0,0,0,0,0,-67,-66,-67,-69,0,0,0,0,0,0,0,0,0,0,-66,-66,0,-67,0,0,0,0,0,0,-84,0,0,0,0,0,0,0,0,0,0,0,0,0,0,0,0,0,0,0,0,0,0,0,0,0,0,0,0,0,0,0,0,0,0,0,0,0,0,0,0
1545121442,0,0,0,0,-56,0,0,-76,-75,-75,0,0,0,0,0,0,-35,0,0,0,0,0,0,-71,-74,-72,-68,-69,-59,-55,-54,-55,-55,-57,0,0,0,0,0,-72,0,0,0,0,-55,-55,0,0,0,0,0,0,0,0,0,0,0,0,0,0,0,0,0,0,0,0,0,0,0,0,0,0,0,0,0,0,0,0,0,0,0,0,0,0,0,0,0,-55,0,0,0,0,0,0,0,0,0,0,0,0,0,0,0,0,0,0,0,-58,-58,0,-78,-79,0,0,-58,0,0,0,0,0,0,0,0,0,0,0,0,0,-66,0,0,0,0,0,0,0,0,0,-59,-60,0,0,0,0,0,0,0,-60,-60,0,0,0,0,-55,-56,-56,-57,-59,0,0,0,0,0,0,0,0,0,0,0,0,-62,-56,0,0,-65,-63,0,0,0,0,0,0,0,0,-65,-66,-66,-65,-66,0,-71,-73,-64,-71,-71,-68,-72,-64,-73,0,-70,-64,-71,-76,-63,-65,0,-71,0,-68,-68,-68,-68,0,0,0,0,-84,0,0,0,0,0,-76,0,0,0,0,0,0,0,0,0,0,0,0,0,0,-67,-66,-67,-69,0,0,0,0,0,0,0,0,-73,0,-66,-66,0,-67,0,0,0,0,0,0,-84,0,0,0,0,0,0,0,0,0,0,0,0,0,0,0,0,0,0,0,0,0,0,0,0,0,0,0,0,0,0,0,0,0,0,0,0,0,0,0,0
1545121443,0,0,0,0,-50,0,0,-76,-74,-75,0,0,0,0,0,0,-37,0,0,0,0,0,0,-72,-71,-72,-72,-71,-63,-51,-51,-51,-51,-51,0,0,0,0,0,-69,0,0,0,-50,-50,-50,0,0,0,0,0,0,0,0,0,0,0,0,0,0,0,0,0,0,0,0,0,0,0,0,0,0,0,0,0,0,0,0,0,0,0,0,0,0,0,0,0,-50,0,0,0,0,0,0,0,0,0,0,0,0,0,0,0,0,0,0,0,-63,-62,0,-78,-79,0,0,-63,0,0,0,0,0,0,0,0,0,0,0,0,0,-66,0,0,0,0,0,0,0,0,0,-66,-66,0,0,0,0,0,0,0,-64,-61,0,0,0,0,-55,-54,-54,-55,-62,0,0,0,0,0,0,0,0,0,0,0,0,-67,-56,0,0,-65,-63,0,0,0,0,0,0,0,0,-65,-71,-66,-65,-67,0,-71,-71,-59,-64,-71,-68,-70,-64,-73,0,-70,-64,-71,-76,-64,-65,0,-71,0,-68,-68,-68,-68,0,0,0,0,-84,0,0,0,0,0,-76,0,0,0,0,0,0,0,0,0,0,0,0,0,0,-67,-68,-67,-69,-69,0,0,0,0,0,0,0,-73,0,-69,-66,0,-71,0,0,0,0,0,0,-84,0,0,0,0,0,0,0,0,0,0,0,0,0,0,0,0,0,0,0,0,0,0,0,0,0,0,0,0,0,0,0,0,0,0,0,0,0,0,0,0
1545121444,0,0,0,0,-50,0,0,-75,-76,-75,0,0,0,0,0,0,-43,0,0,0,0,0,0,-72,-72,-72,-72,-71,-61,-51,-51,-51,-51,-51,0,0,0,0,0,-69,0,0,0,-50,-56,-56,0,0,0,0,0,0,0,0,0,0,0,0,0,0,0,0,0,0,0,0,0,0,0,0,0,0,0,0,0,0,0,0,0,0,0,0,0,0,0,0,0,-50,0,0,0,0,0,0,0,0,0,0,0,0,0,0,0,0,0,0,0,-61,-59,0,-78,-79,0,0,-60,0,0,0,0,0,0,0,0,0,0,0,0,0,-61,0,0,0,0,0,0,0,0,0,-61,-61,0,0,0,0,0,0,0,-61,-61,0,0,0,0,-55,-54,-54,-54,-61,0,0,0,0,0,0,0,0,0,0,0,0,-67,-56,0,0,-68,-63,0,0,0,0,0,0,0,0,-71,-71,-66,-68,-71,0,-71,-71,-59,-64,-71,-72,-70,-68,-73,0,-70,-69,-74,-76,-64,-65,0,-71,0,-69,-68,-68,-68,0,0,0,0,-84,0,0,0,0,0,-76,0,0,0,0,0,0,0,0,0,0,0,0,0,0,-67,-68,-67,-69,-69,0,0,0,0,0,0,0,-73,0,-69,-66,0,-71,0,0,0,0,0,0,-84,0,0,0,0,0,0,0,0,0,0,0,0,0,0,0,0,0,0,0,0,0,0,0,0,0,0,0,0,0,0,0,0,0,0,0,0,0,0,0,0
1545121445,0,0,0,0,-46,0,0,-75,-76,-75,0,0,0,0,0,0,-38,0,0,0,0,0,0,-70,-70,-70,-69,-67,-59,-53,-52,-53,-52,-52,0,0,0,0,0,-63,0,0,0,-46,-56,-56,0,0,0,0,0,0,0,0,0,0,0,0,0,0,0,0,0,0,0,0,0,0,0,0,0,0,0,0,0,0,0,0,0,0,0,0,0,0,0,0,0,-50,0,0,0,0,0,0,0,0,0,0,0,0,0,0,0,0,0,0,0,-59,-59,0,-78,-79,0,0,-59,0,0,0,0,0,0,0,0,0,0,0,0,0,-61,0,0,0,0,0,0,0,0,0,-60,-61,0,0,0,0,0,0,0,-61,-60,0,0,0,0,-59,-53,-52,-53,-61,0,0,0,0,0,-84,0,0,0,0,0,0,-78,-53,0,0,-66,-70,0,0,0,0,0,0,0,0,-71,-68,-66,-68,-68,0,-71,-69,-66,-64,-71,-72,-68,-68,-73,0,-70,-66,-70,-76,-70,-65,0,-71,0,-69,-68,-68,-68,0,0,0,0,-84,0,0,0,0,0,-76,0,0,0,0,0,0,0,0,0,0,0,0,0,0,-68,-68,-67,-69,-69,0,0,0,0,0,0,0,-74,0,-69,-66,0,-69,0,0,0,0,0,0,-84,0,0,0,0,0,0,0,0,0,0,0,0,0,0,0,0,0,0,0,0,0,0,0,0,0,0,0,0,0,0,0,0,0,0,0,0,0,0,0,0
1545121446,0,0,0,0,-55,0,0,-75,-76,-75,0,0,0,0,0,0,-47,0,0,0,0,0,0,-70,-69,-69,-70,-69,-60,-51,-51,-51,-51,-51,0,0,0,0,0,-63,0,0,0,-54,-50,-49,0,0,0,0,0,0,0,0,0,0,0,0,0,0,0,0,0,0,0,0,0,0,0,0,0,0,0,0,0,0,0,0,0,0,0,0,0,0,0,0,0,-55,0,0,0,0,0,0,0,0,0,0,0,0,0,0,0,0,0,0,0,-60,-54,0,-78,-79,0,0,-59,0,0,0,0,0,0,0,0,0,0,0,0,0,-60,0,0,0,0,0,0,0,0,0,-60,-60,0,0,0,0,0,0,0,-61,-59,0,0,0,0,-59,-53,-52,-53,-60,0,0,0,0,0,-84,0,0,0,0,0,0,-72,-53,0,0,-66,-70,0,0,0,0,0,0,0,0,-70,-68,-66,-68,-68,0,-71,-67,-66,-66,-67,-72,-68,-66,-70,0,-70,-66,-70,-76,-70,-70,0,-71,0,-69,-68,-68,-68,0,0,0,0,-84,0,0,0,0,0,-76,0,0,0,0,0,0,0,0,0,0,0,0,0,0,-68,-68,-71,-72,-69,0,0,0,0,0,0,0,-74,0,-69,-66,0,-67,0,0,0,0,0,0,-84,0,0,0,0,0,0,0,0,0,0,0,0,0,0,0,0,0,0,0,0,0,0,0,0,0,0,0,0,0,0,0,0,0,0,0,0,0,0,0,0
1545121447,0,0,0,0,-48,0,0,-75,-76,-75,0,0,0,0,0,0,-30,0,0,0,0,0,0,-70,-69,-69,-71,-69,-53,-51,-51,-55,-55,-55,0,0,0,0,0,-73,0,0,0,-48,-47,-49,0,0,0,0,0,0,0,0,0,0,0,0,0,0,0,0,0,0,0,0,0,0,0,0,0,0,0,0,0,0,0,0,0,0,0,0,0,0,0,0,0,-48,0,0,0,0,0,0,0,0,0,0,0,0,0,0,0,0,0,0,0,-53,-53,0,-78,-79,0,0,-53,0,0,0,0,0,0,0,0,0,0,0,0,0,-60,0,0,0,0,0,0,0,0,0,-56,-60,0,0,0,0,0,0,0,-61,-56,0,0,0,0,-59,-59,-59,-59,-53,0,0,0,0,0,-84,0,0,0,0,0,0,-72,-53,0,0,-66,-70,0,0,0,0,0,0,0,0,-70,-64,-66,-60,-68,0,-71,-67,-59,-70,-67,-72,-68,-60,-70,0,-70,-66,-70,-76,-70,-70,0,-71,0,-69,-68,-68,-68,0,0,0,0,-84,0,0,0,0,0,-76,0,0,0,0,0,0,0,0,0,0,0,0,0,0,-68,-68,-71,-72,-69,0,0,0,0,0,0,0,-74,0,-69,-66,0,-67,0,0,0,0,0,0,-84,0,0,0,0,0,0,0,0,0,0,0,0,0,0,0,0,0,0,0,0,0,0,0,0,0,0,0,0,0,0,0,0,0,0,0,0,0,0,0,0
1545121448,0,0,0,0,-53,0,0,-75,-76,-75,0,0,0,0,0,0,-34,0,0,0,0,0,0,-70,-69,-69,-71,-69,-56,-57,-54,-56,-55,-56,0,0,0,0,0,-73,0,0,0,-53,-53,-53,0,0,0,0,0,0,0,0,0,0,0,0,0,0,0,0,0,0,0,0,0,0,0,0,0,0,0,0,0,0,0,0,0,0,0,0,0,0,0,0,0,-48,0,0,0,0,0,0,0,0,0,0,0,0,0,0,0,0,0,0,0,-55,-55,0,-78,-79,0,0,-55,0,0,0,0,0,0,0,0,0,0,0,0,0,-53,0,0,0,0,0,0,0,0,0,-56,-53,0,0,0,0,0,0,0,-53,-53,0,0,0,0,-55,-63,-59,-59,-56,0,0,0,0,0,-84,0,0,0,0,0,0,-64,-53,0,0,-63,-70,0,0,0,0,0,0,0,0,-62,-64,-62,-62,-68,0,-72,-67,-62,-64,-67,-72,-68,-67,-63,0,-70,-63,-70,-63,-70,-70,0,-71,0,-69,-72,-68,-68,0,0,0,0,-84,0,0,0,0,0,-76,0,0,0,0,0,0,0,0,0,0,0,0,0,0,-61,-63,-71,-72,-69,0,0,0,0,0,0,0,-65,0,-68,-66,0,-67,0,0,0,0,0,0,-84,0,0,0,0,0,0,0,0,0,0,0,0,0,0,0,0,0,0,0,0,0,0,0,0,0,0,0,0,0,0,0,0,0,0,0,0,0,0,0,0
1545121449,0,0,0,0,-57,0,0,-75,-76,-75,0,0,0,0,0,0,-38,0,0,0,0,0,0,-72,-69,-69,-71,-71,-54,-55,-54,-55,-55,-56,0,0,0,0,0,-73,0,0,0,-57,-57,-58,0,0,0,0,0,0,0,0,0,0,0,0,0,0,0,0,0,0,0,0,0,0,0,0,0,0,0,0,0,0,0,0,0,0,0,0,0,0,0,0,0,-57,0,0,0,0,0,0,0,0,0,0,0,0,0,0,0,0,0,0,0,-53,-53,0,-78,-79,0,0,-54,0,0,0,0,0,0,0,0,0,0,0,0,0,-53,0,0,0,0,0,0,0,0,0,-68,-53,0,0,0,0,0,0,0,-53,-65,0,0,0,0,-55,-62,-59,-59,-53,0,0,0,0,0,-84,0,0,0,0,0,0,-73,-52,0,0,-68,-70,0,0,0,0,0,0,0,0,-69,-64,-62,-62,-69,0,-72,-67,-68,-73,-67,-72,-68,-68,-63,0,-70,-68,-70,-63,-70,-70,0,-68,0,-69,-72,-68,-68,0,0,0,0,-84,0,0,0,0,0,-76,0,0,0,0,0,0,0,0,0,0,0,0,0,0,-67,-63,-71,-69,-69,0,0,0,0,0,0,0,-68,0,-68,-66,0,-67,0,0,0,0,0,0,-84,0,0,0,0,0,0,0,0,0,0,0,0,0,0,0,0,0,0,0,0,0,0,0,0,0,0,0,0,0,0,0,0,0,0,0,0,0,0,0,0
1545121450,0,0,0,0,-62,0,-77,-75,-76,-75,0,0,0,0,0,0,-35,0,0,0,0,0,0,-74,-74,-74,-73,-73,-54,-62,-62,-62,-62,-62,0,0,0,0,0,-73,0,0,0,-57,-62,-62,0,0,0,0,0,0,0,0,0,0,0,0,0,0,0,0,0,0,0,0,0,0,0,0,0,0,0,0,0,0,0,0,0,0,0,0,0,0,0,0,0,-62,0,0,0,0,0,0,0,0,0,0,0,0,0,0,0,0,0,0,0,-54,-54,0,-78,-79,0,0,-54,0,0,0,0,0,0,0,0,0,0,0,0,0,-53,0,0,0,0,0,0,0,0,0,-68,-53,0,0,0,0,0,0,0,-53,-65,0,0,0,0,-50,-62,-52,-52,-54,0,0,0,0,0,-84,0,0,0,0,0,0,-73,-52,0,0,-60,-61,0,0,0,0,0,0,0,0,-62,-62,-62,-60,-62,0,-67,-67,-60,-63,-66,-72,-68,-60,-63,0,-70,-68,-59,-59,-59,-70,0,-68,0,-69,-75,-68,-68,0,0,0,0,-84,0,0,0,0,0,-76,0,0,0,0,0,0,0,0,0,0,0,0,0,0,-67,-63,-71,-71,-77,0,0,0,0,0,0,0,-68,0,-66,-66,0,-67,0,0,0,0,0,0,-84,0,0,0,0,0,0,0,0,0,0,0,0,0,0,0,0,0,0,0,0,0,0,0,0,0,0,0,0,0,0,0,0,0,0,0,0,0,0,0,0
1545121451,0,0,0,0,-62,0,-77,-75,-76,-75,0,0,0,0,0,0,-39,0,0,0,0,0,0,-74,-74,-74,-73,-73,-57,-62,-62,-68,-62,-62,0,0,0,0,0,-73,0,0,0,-61,-60,-60,0,0,0,0,0,0,0,0,0,0,0,0,0,0,0,0,0,0,0,0,0,0,0,0,0,0,0,0,0,0,0,0,0,0,0,0,0,0,0,0,0,-60,0,0,0,0,0,0,0,0,0,0,0,0,0,0,0,0,0,0,0,-57,-57,0,-78,-79,0,0,-57,0,0,0,0,0,0,0,0,0,0,0,0,0,-53,0,0,0,0,0,0,0,0,0,-68,-53,0,0,0,0,0,0,0,-53,-65,0,0,0,0,-50,-53,-49,-50,-50,0,0,0,0,0,-81,0,0,0,0,0,0,-71,-52,0,0,-72,-61,0,0,0,0,0,0,0,0,-62,-62,-62,-60,-62,0,-67,-68,-65,-63,-68,-72,-68,-65,-63,0,-70,-65,-67,-68,-68,-70,0,-68,0,-69,-75,-68,-68,0,0,0,0,-82,0,0,0,0,0,-76,0,0,0,0,0,0,0,0,0,0,0,0,0,0,-67,-64,-71,-71,-77,0,0,0,0,0,0,0,-68,0,-63,-66,0,-64,0,0,0,0,-87,0,-84,0,0,0,0,0,0,0,0,0,0,0,0,0,0,0,0,0,0,0,0,0,0,0,0,0,0,0,0,0,0,0,0,0,0,0,0,0,0,0,0
1545121452,0,0,0,0,-63,0,-77,-75,-76,-75,0,0,0,0,0,0,-22,0,0,0,0,0,0,-74,-74,-74,-73,-73,-57,-62,-60,-68,-61,-62,0,0,0,0,0,-73,0,0,0,-64,-64,-63,0,0,0,0,0,0,0,0,0,0,0,0,0,0,0,0,0,0,0,0,0,0,0,0,0,0,0,0,0,0,0,0,0,0,0,0,0,0,0,0,0,-63,0,0,0,0,0,0,0,0,0,0,0,0,0,0,0,0,0,0,0,-51,-51,0,-78,-79,0,0,-57,0,0,0,0,0,0,0,0,0,0,0,0,0,-53,0,0,0,0,0,0,0,0,0,-71,-53,0,0,0,0,0,0,0,-53,-65,0,0,0,0,-50,-44,-44,-45,-51,0,0,0,0,0,-81,0,0,0,0,0,0,-62,-44,0,0,-72,-61,0,0,0,0,0,0,0,0,-62,-62,-58,-60,-62,0,-67,-68,-65,-61,-64,-72,-68,-65,-63,0,-70,-65,-60,-60,-68,-60,0,-68,0,-69,-75,-68,-68,0,0,0,0,-82,0,0,0,0,0,-76,0,0,0,0,0,0,0,0,0,0,0,0,0,0,-67,-64,-71,-71,-77,0,0,0,0,0,0,0,-68,0,-63,-63,0,-64,0,0,0,0,-87,0,-84,0,0,0,0,0,0,0,0,0,0,0,0,0,0,0,0,0,0,0,0,0,0,0,0,0,0,0,0,0,0,0,0,0,0,0,0,0,0,0,0
1545121453,0,0,0,0,-61,0,-77,-75,-76,-75,0,0,0,0,0,0,-19,0,0,0,0,0,0,-74,-67,-74,-73,-73,-55,-63,-60,-66,-61,-62,0,0,0,0,0,-73,0,0,0,-64,-64,-61,0,0,0,0,0,0,0,0,0,0,0,0,0,0,0,0,0,0,0,0,0,0,0,0,0,0,0,0,0,0,0,0,0,0,0,0,0,0,0,0,0,-61,0,0,0,0,0,0,0,0,0,0,0,0,0,0,0,0,0,0,0,-55,-55,0,-78,-79,0,0,-54,0,0,0,0,0,0,0,0,0,0,0,0,0,-53,0,0,0,0,0,0,0,0,0,-71,-53,0,0,0,0,0,0,0,-72,-65,0,0,0,0,-48,-47,-47,-47,-54,0,0,0,0,0,-81,0,0,0,0,0,0,-78,-47,0,0,-52,-63,0,0,0,0,0,0,0,0,-64,-64,-64,-52,-62,0,-67,-68,-52,-77,-64,-66,-64,-52,-63,0,-70,-52,-60,-60,-61,-60,0,-65,0,-69,-75,-74,-68,0,0,0,0,-82,0,0,0,0,0,-76,0,0,0,0,0,0,0,0,0,0,0,0,0,0,-69,-67,-66,-71,-77,0,0,0,0,0,0,0,-65,0,-68,-67,0,-67,0,0,0,0,-87,0,-84,0,0,0,0,0,0,0,0,0,0,0,0,0,0,0,0,0,0,0,0,0,0,0,0,0,0,0,0,0,0,0,0,0,0,0,0,0,0,0,0
1545121454,0,0,0,0,-66,0,-77,-75,-76,-75,0,0,0,0,0,0,-23,0,0,0,0,0,0,-74,-67,-74,-73,-73,-53,-66,-60,-66,-67,-62,0,0,0,0,0,-73,0,0,0,-64,-67,-64,0,0,0,0,0,0,0,0,0,0,0,0,0,0,0,0,0,0,0,0,0,0,0,0,0,0,0,0,0,0,0,0,0,0,0,0,0,0,0,0,0,-65,0,0,0,0,0,0,0,0,0,0,0,0,0,0,0,0,0,0,0,-52,-52,0,0,0,0,0,-52,0,0,0,0,0,0,0,0,0,0,0,0,0,-53,0,0,0,0,0,0,0,0,0,-73,-53,0,0,0,0,0,0,0,-72,-65,0,0,0,0,-45,-48,-48,-48,-52,0,0,0,0,0,-81,0,0,0,0,0,0,-66,-48,0,0,-52,-55,0,0,0,0,0,0,0,0,-56,-55,-60,-52,-55,0,-67,-68,-52,-68,-64,-66,-70,-61,-63,0,-70,-52,-60,-63,-65,-60,0,-70,0,-69,-75,-74,-68,0,0,0,0,-82,0,0,0,0,0,-76,0,0,0,0,0,0,0,0,0,0,0,0,0,0,-65,-65,-68,-71,-77,0,0,0,0,0,0,0,-65,0,-65,-64,-86,-65,0,0,0,0,-87,0,-84,0,0,0,0,0,0,0,0,0,0,0,0,0,0,0,0,0,0,0,0,0,0,0,0,0,0,0,0,0,0,0,0,0,0,0,0,0,0,0,0
1545121455,0,0,0,0,-66,0,-77,-75,-76,-75,0,0,0,0,0,0,-30,0,0,0,0,0,0,-74,-71,-74,-71,-73,-52,-66,-60,-66,-67,-62,0,0,0,0,0,-73,0,0,0,-66,-67,-64,0,0,0,0,0,0,0,0,0,0,0,0,0,0,0,0,0,0,0,0,0,0,0,0,0,0,0,0,0,0,0,0,0,0,0,0,0,0,0,0,0,-65,0,0,0,0,0,0,0,0,0,0,0,0,0,0,0,0,0,0,0,-52,-51,0,0,0,0,0,-52,0,0,0,0,0,0,0,0,0,0,0,0,0,-53,0,0,0,0,0,0,0,0,0,-73,-53,0,0,0,0,0,0,0,-72,-65,0,0,0,0,-45,-53,-53,-54,-52,0,0,0,0,0,-81,0,0,0,0,0,0,-66,-53,0,0,-64,-55,0,0,0,0,0,0,0,0,-55,-56,-56,-64,-55,0,-67,-68,-64,-67,-64,-66,-64,-64,-63,0,-70,-65,-63,-63,-65,-60,0,-70,0,-69,-75,-74,-68,0,0,0,0,-82,0,0,0,0,0,-76,0,0,0,0,0,0,0,0,0,0,0,0,0,0,-68,-69,-68,-71,-77,0,0,0,0,0,0,0,-65,0,-69,-69,-86,-69,0,0,0,0,-87,0,-84,0,0,0,0,0,0,0,0,0,0,0,0,0,0,0,0,0,0,0,0,0,0,0,0,0,0,0,0,0,0,0,0,0,0,0,0,0,0,0,0
1545121456,0,0,0,0,-66,0,-77,-75,-76,-75,0,0,0,0,0,0,-34,0,0,0,0,0,0,-74,-71,-74,-71,-73,-58,-65,-63,-66,-72,-64,0,0,0,0,0,-73,0,0,0,-72,-74,-73,0,0,0,0,0,0,0,0,0,0,0,0,0,0,0,0,0,0,0,0,0,0,0,0,0,0,0,0,0,0,0,0,0,0,0,0,0,0,0,0,0,-73,0,0,0,0,0,0,0,0,0,0,0,0,0,0,0,0,0,0,0,-58,-53,0,0,0,0,0,-58,0,0,0,0,0,0,0,0,0,0,0,0,0,-53,0,0,0,0,0,0,0,0,0,-77,-53,0,0,0,0,0,0,0,-72,-65,0,0,0,0,-49,-49,-49,-49,-58,0,0,0,0,0,-81,0,0,0,0,0,0,-61,-49,0,0,-59,-55,0,0,0,0,0,0,0,0,-55,-50,-56,-59,-50,0,-67,-60,-60,-70,-61,-66,-61,-60,-60,0,-61,-60,-67,-66,-67,-60,0,-70,0,-69,-75,-74,-68,0,0,0,0,-82,0,0,0,0,0,-76,0,0,0,0,0,0,0,0,0,0,0,0,0,0,-69,-69,-68,-71,-77,0,0,0,0,0,0,0,-74,0,-69,-69,-82,-69,0,0,0,0,-87,0,-84,0,0,0,0,0,0,0,0,0,0,0,0,0,0,0,0,0,0,0,0,0,0,0,0,0,0,0,0,0,0,0,0,0,0,0,0,0,0,0,0
1545121457,0,0,0,0,-66,0,-77,-75,-76,-75,0,0,0,0,0,0,-27,0,0,0,0,0,0,-74,-71,-74,-71,-73,-61,-68,-63,-67,-72,-64,0,0,0,0,0,-73,0,0,0,-72,-74,-73,0,0,0,0,0,0,0,0,0,0,0,0,0,0,0,0,0,0,0,0,0,0,0,0,0,0,0,0,0,0,0,0,0,0,0,0,0,0,0,0,0,-73,0,0,0,0,0,0,0,0,0,0,0,0,0,0,0,0,0,0,0,-60,-61,0,0,0,0,0,-61,0,0,0,0,0,0,0,0,0,0,0,0,0,-67,0,0,0,0,0,0,0,0,0,-66,-53,0,0,0,0,0,0,0,-72,-65,0,0,0,0,-49,-48,-49,-49,-61,0,0,0,0,0,-81,0,0,0,0,0,0,-62,-49,0,0,-60,-55,0,0,0,0,0,0,0,0,-48,-50,-56,-59,-50,0,-67,-60,-60,-59,-61,-66,-61,-60,-66,0,-61,-60,-67,-67,-67,-67,0,-70,0,-69,-75,-74,-68,0,0,0,0,-82,0,0,0,0,0,-71,0,0,0,0,0,0,0,0,0,0,0,0,0,0,-69,-69,-68,-71,-77,0,0,0,0,0,0,0,-74,0,-69,-69,-82,-69,0,0,0,0,-86,0,-84,0,0,0,0,0,0,0,0,0,0,0,0,0,0,0,0,0,0,0,0,0,0,0,0,0,0,0,0,0,0,0,0,0,0,0,0,0,0,0,0
1545121458,0,0,0,0,-73,0,-77,-75,-76,-75,0,0,0,0,0,0,-19,0,0,0,0,0,0,-74,-71,-74,-71,-73,-63,-67,-64,-67,-72,-64,0,0,0,0,0,-73,0,0,0,-72,-73,-70,0,0,0,0,0,0,0,0,0,0,0,0,0,0,0,0,0,0,0,0,0,0,0,0,0,0,0,0,0,0,0,0,0,0,0,0,0,0,0,0,0,-70,0,0,0,0,0,0,0,0,0,0,0,0,0,0,0,0,0,0,0,-62,-56,0,0,0,0,0,-63,0,0,0,0,0,0,0,0,0,0,0,0,0,-67,0,0,0,0,0,0,0,0,0,-74,-74,0,0,0,0,0,0,0,-72,-65,0,0,0,0,-49,-51,-49,-49,-64,0,0,0,0,0,-81,0,0,0,0,0,0,-67,-49,0,0,-55,-52,0,0,0,0,0,0,0,0,-48,-52,-56,-60,-52,0,-63,-63,-55,-59,-63,-66,-63,-55,-62,0,-63,-55,-61,-66,-61,-61,0,-70,0,-69,-75,-74,-68,0,-76,0,0,-80,0,0,0,0,0,-71,0,0,0,0,0,0,0,0,0,0,0,0,0,0,-67,-66,-68,-62,-77,0,0,0,0,0,0,0,-74,0,-65,-69,-82,-66,0,0,0,0,-86,0,-84,0,0,0,0,0,-73,0,0,0,0,0,0,0,0,0,0,0,0,0,0,0,0,0,0,0,0,0,0,0,0,0,0,0,0,0,0,0,0,0,0
1545121459,0,0,0,0,-73,0,-77,-75,-76,-75,0,0,0,0,0,0,-28,0,0,0,0,0,0,-74,-71,-74,-76,-73,-60,-67,-64,-67,-72,-64,0,0,0,0,0,-73,0,0,0,-72,-73,-74,0,0,0,0,0,0,0,0,0,0,0,0,0,0,0,0,0,0,0,0,0,0,0,0,0,0,0,0,0,0,0,0,0,0,0,0,0,0,0,0,0,-75,0,0,0,0,0,0,0,0,0,0,0,0,0,0,0,0,0,0,0,-60,-60,0,0,0,0,0,-63,0,0,0,0,0,0,0,0,0,0,0,0,0,-67,0,0,0,0,0,0,0,0,0,-74,-74,0,0,0,0,0,0,0,-72,-65,0,0,0,0,-50,-51,-50,-51,-60,0,0,0,0,0,-81,0,0,0,0,0,0,-66,-49,0,0,-62,-57,0,0,0,0,0,0,0,0,-59,-60,-59,-62,-59,0,-63,-63,-61,-61,-58,-66,-58,-62,-61,0,-58,-62,-61,-66,-61,-60,0,-70,0,-69,-75,-74,-68,0,-76,0,0,-80,0,0,0,0,0,-78,0,0,0,0,0,0,0,0,0,0,0,0,0,0,-67,-66,-68,-62,-77,0,0,0,0,0,0,0,-74,0,-75,-69,-82,-74,0,0,0,0,-86,0,-84,0,0,0,0,0,-73,0,0,0,0,0,0,0,0,0,0,0,0,0,0,0,0,0,0,0,0,0,0,0,0,0,0,0,0,0,0,0,0,0,0
1545121460,0,0,0,0,-72,0,-77,-75,-76,-75,0,0,0,0,0,0,-38,0,0,0,0,0,0,-74,-71,-74,-76,-73,-63,-67,-64,-67,-72,-64,0,0,0,0,0,-73,0,0,0,-72,-72,-72,0,0,0,0,0,0,0,0,0,0,0,0,0,0,0,0,0,0,0,0,0,0,0,0,0,0,0,0,0,0,0,0,0,0,0,0,0,0,0,0,0,-70,0,0,0,0,0,0,0,0,0,0,0,0,0,0,0,0,0,0,0,-63,-64,0,0,0,0,0,-66,0,0,0,0,0,0,0,0,0,0,0,0,0,-72,0,0,0,0,0,0,0,0,0,-74,-74,0,0,0,0,0,0,0,-72,-65,0,0,0,0,-53,-51,-50,-53,-63,0,0,0,0,0,-81,0,0,0,0,0,0,-66,-49,0,0,-51,-54,0,0,0,0,0,0,0,0,-48,-49,-53,-51,-53,0,-59,-58,-51,-67,-59,-64,-58,-51,-61,0,-63,-51,-58,-57,-63,-60,0,-64,0,-69,-75,-74,-68,0,-76,0,0,-80,0,0,0,0,0,-78,0,0,0,0,0,0,0,0,0,0,0,0,0,0,-65,-65,-64,-64,-77,0,0,0,0,0,0,0,-70,0,-65,-65,-82,-65,0,0,0,0,-86,0,-84,0,0,0,0,0,-73,0,0,0,0,0,0,0,0,0,0,0,0,0,0,0,0,0,0,0,0,0,0,0,0,0,0,0,0,0,0,0,0,0,0
1545121461,0,0,0,0,-72,0,-77,-75,-76,-75,0,0,0,0,0,0,-22,0,0,0,0,0,0,-74,-71,-74,-76,-73,-63,-67,-64,-67,-72,-64,0,0,0,0,0,-73,0,0,0,-72,-72,-72,0,0,0,0,0,0,0,0,0,0,0,0,0,0,0,0,0,0,0,0,0,0,0,0,0,0,0,0,0,0,0,0,0,0,0,0,0,0,0,0,0,-70,0,0,0,0,0,0,0,0,0,0,0,0,0,0,0,0,0,0,0,-63,-64,0,0,0,0,0,-66,0,0,0,0,0,0,0,0,0,0,0,0,0,-78,0,0,0,0,0,0,0,0,0,-74,-77,0,0,0,0,0,0,0,-72,-78,0,0,0,0,-53,-51,-50,-53,-63,0,0,0,0,0,-81,0,0,0,0,0,0,-66,-49,0,0,-52,-54,0,0,0,0,0,0,0,0,-52,-49,-53,-52,-52,0,-59,-57,-52,-62,-57,-64,-58,-52,-61,0,-63,-51,-58,-57,-60,-60,0,-68,0,-69,-75,-74,-68,0,-76,0,0,-80,0,0,0,0,0,-78,0,0,0,0,0,0,0,0,0,0,0,0,0,0,-65,-65,-64,-64,-77,0,0,0,0,0,0,0,-70,0,-62,-65,-82,-65,0,0,0,0,-86,0,-84,0,0,0,0,0,-73,0,0,0,0,0,0,0,0,0,0,0,0,0,0,0,0,0,0,0,0,0,0,0,0,0,0,0,0,0,0,0,0,0,0
1545121462,0,0,0,0,-72,0,-77,-75,-76,-75,0,0,0,0,0,0,-23,0,0,0,0,0,0,-74,-71,-74,-76,-73,-63,-67,-64,-67,-71,-71,0,0,0,0,0,-73,0,0,0,-72,-72,-72,0,0,0,0,0,0,0,0,0,0,0,0,0,0,0,0,0,0,0,0,0,0,0,0,0,0,0,0,0,0,0,0,0,0,0,0,0,0,0,0,0,-70,0,0,0,0,0,0,0,0,0,0,0,0,0,0,0,0,0,0,0,-63,-64,0,0,0,0,0,-66,0,0,0,0,0,0,0,0,0,0,0,0,0,-77,0,0,0,0,0,0,0,0,0,-74,-77,0,0,0,0,0,0,0,-72,-78,0,0,0,0,-59,-59,-59,-61,-63,0,0,0,0,0,-81,0,0,0,0,0,0,-66,-59,0,0,-52,-52,0,0,0,0,0,0,0,0,-53,-51,-52,-44,-52,0,-59,-63,-45,-64,-57,-66,-58,-44,-56,0,-63,-46,-58,-61,-56,-61,0,-68,0,-69,-75,-74,-68,0,-76,0,0,-71,0,0,0,0,0,-80,0,0,0,0,0,0,0,0,0,0,0,0,0,0,-69,-67,-64,-67,-77,0,0,0,0,0,0,0,-70,0,-72,-72,-82,-72,0,0,0,0,-86,0,-88,0,0,0,0,0,-73,0,0,0,0,0,0,0,0,0,0,0,0,0,0,0,0,0,0,0,0,0,0,0,0,0,0,0,0,0,0,0,0,0,0
1545121463,0,0,0,0,-72,0,-77,-75,-76,-75,0,0,0,0,0,0,-30,0,0,0,0,0,0,-74,-71,-74,-76,-73,-63,-67,-71,-67,-71,-71,0,0,0,0,0,-73,0,0,0,-79,-78,-78,0,0,0,0,0,0,0,0,0,0,0,0,0,0,0,0,0,0,0,0,0,0,0,0,0,0,0,0,0,0,0,0,0,0,0,0,0,0,0,0,0,-78,0,0,0,0,0,0,0,0,0,0,0,0,0,0,0,0,0,0,0,-63,-64,0,0,0,0,0,-66,0,0,0,0,0,0,0,0,0,0,0,0,0,-77,0,0,0,0,0,0,0,0,0,-74,-77,0,0,0,0,0,0,0,-72,-78,0,0,0,0,-59,-57,-57,-57,-63,0,0,0,0,0,-81,0,0,0,0,0,0,-66,-57,0,0,-53,-45,0,0,0,0,0,0,0,0,-44,-45,-45,-52,-45,0,-49,-49,-54,-64,-57,-66,-49,-54,-56,0,-49,-54,-58,-59,-59,-58,0,-65,0,-69,-75,-74,-68,0,-76,0,0,-72,0,0,0,0,0,-78,0,0,0,0,0,0,0,0,0,0,0,0,0,0,-59,-59,-64,-67,-77,0,0,0,0,0,0,0,-70,0,-60,-60,-82,-59,0,0,0,0,-86,0,-88,0,0,0,0,0,-69,0,0,0,0,0,0,0,0,0,0,0,0,0,0,0,0,0,0,0,0,0,0,0,0,0,0,0,0,0,0,0,0,0,0
1545121464,0,0,0,0,-72,0,-77,-75,-76,-75,0,0,0,0,0,0,-31,0,0,0,0,0,0,-74,-71,-74,-76,-73,-63,-67,-71,-67,-71,-71,0,0,0,0,0,-73,0,0,0,-79,-74,-78,0,0,0,0,0,0,0,0,0,0,0,0,0,0,0,0,0,0,0,0,0,0,0,0,0,0,0,0,0,0,0,0,0,0,0,0,0,0,0,0,0,-74,0,0,0,0,0,0,0,0,0,0,0,0,0,0,0,0,0,0,0,-63,-64,0,0,0,0,0,-66,0,0,0,0,0,0,0,0,0,0,0,0,0,-77,0,0,0,0,0,0,0,0,0,-74,-77,0,0,0,0,0,0,0,-72,-78,0,0,0,0,-61,-62,-62,-57,-63,0,0,0,0,0,-81,0,0,0,0,0,0,-66,-62,0,0,-51,-47,0,0,0,0,0,0,0,0,-47,-46,-46,-51,-46,0,-58,-59,-54,-70,-57,-66,-49,-51,-56,0,-49,-51,-58,-59,-57,-58,0,-65,0,-69,-75,-74,-68,0,-76,0,0,-72,0,0,0,0,0,-76,0,0,0,0,0,0,0,0,0,0,0,0,0,0,-69,-67,-64,-67,-77,0,0,0,0,0,0,0,-70,0,-67,-67,-77,-67,0,0,0,0,-86,0,-88,0,0,0,-71,0,-69,0,0,0,0,0,0,0,0,0,0,0,0,0,0,0,0,0,0,0,0,0,0,0,0,0,0,0,0,0,0,0,0,0,0
1545121465,0,0,0,0,-69,0,-77,-75,-76,-75,0,0,0,0,0,0,-33,0,0,0,0,0,0,-74,-71,-74,-76,-73,-63,-67,-68,-73,-68,-71,0,0,0,0,0,-73,0,0,0,-79,-69,-78,0,0,0,0,0,0,0,0,0,0,0,0,0,0,0,0,0,0,0,0,0,0,0,0,0,0,0,0,0,0,0,0,0,0,0,0,0,0,0,0,0,-74,0,0,0,0,0,0,0,0,0,0,0,0,0,0,0,0,0,0,0,-63,-64,0,0,0,0,0,-66,0,0,0,0,0,0,0,0,0,0,0,0,0,-77,0,0,0,0,0,0,0,0,0,-74,-77,0,0,0,0,0,0,0,-72,-78,0,0,0,0,-61,-55,-62,-57,-63,0,0,0,0,0,-81,0,0,0,0,0,0,-66,-62,0,0,-56,-41,0,0,0,0,0,0,-83,0,-42,-41,-40,-56,-40,0,-52,-52,-56,-69,-53,-68,-52,-57,-58,0,-52,-55,-63,-63,-58,-59,0,-69,0,-69,-75,-74,-68,0,-76,0,0,-78,0,0,0,0,0,-76,0,0,0,0,0,0,0,0,0,0,0,0,0,0,-65,-65,-69,-67,-77,0,0,0,0,0,0,0,-70,0,-65,-65,-80,-66,0,0,0,0,-86,-71,-88,0,0,0,-71,0,-72,0,0,0,0,0,0,0,0,0,0,0,0,0,0,0,0,0,0,0,0,0,0,0,0,0,0,0,0,0,0,0,0,0,0
1545121466,0,0,0,0,-75,0,-77,-75,-76,-75,0,0,0,0,0,0,-39,0,0,0,0,0,0,-74,-71,-74,-76,-73,-63,-67,-68,-73,-68,-71,0,0,0,0,0,-73,0,0,0,-79,-74,-78,0,0,0,0,0,0,0,0,0,0,0,0,0,0,0,0,0,0,0,0,0,0,0,0,0,0,0,0,0,0,0,0,0,0,0,0,0,0,0,0,0,-75,0,0,0,0,0,0,0,0,0,0,0,0,0,0,0,0,0,0,0,-63,-64,0,0,0,0,0,-66,0,0,0,0,0,0,0,0,0,0,0,0,0,-77,0,0,0,0,0,0,0,0,0,-74,-77,0,0,0,0,0,0,0,-72,-78,0,0,0,0,-61,-64,-61,-57,-63,0,0,0,0,0,-81,0,0,0,0,0,0,-66,-60,0,0,-56,-41,0,0,0,0,0,0,-83,0,-47,-47,-46,-56,-40,0,-52,-53,-56,-70,-53,-68,-53,-56,-55,0,-53,-55,-54,-55,-55,-55,0,-69,0,-69,-75,-74,-68,0,-76,0,0,-69,0,0,0,0,0,-71,0,0,0,0,0,0,0,0,0,0,0,0,0,0,-56,-56,-69,-67,-77,0,0,0,0,0,0,0,-70,0,-57,-56,-84,-57,0,0,0,0,-86,-71,-88,0,0,0,-70,0,-72,0,0,0,0,0,0,0,0,0,0,0,0,0,0,0,0,0,0,0,0,0,0,0,0,0,0,0,0,0,0,0,0,0,0
1545121467,0,0,0,0,-76,0,-77,-75,-76,-75,0,0,0,0,0,0,-29,0,0,0,0,0,0,-74,-71,-74,-76,-73,-73,-76,-68,-73,-77,-71,0,0,0,0,0,-73,0,0,0,-79,-74,-78,0,0,0,0,0,0,0,0,0,0,0,0,0,0,0,0,0,0,0,0,0,0,0,0,0,0,0,0,0,0,0,0,0,0,0,0,0,0,0,0,0,-75,0,0,0,0,0,0,0,0,0,0,0,0,0,0,0,0,0,0,0,-63,-73,0,0,0,0,0,-73,0,0,0,0,0,0,0,0,0,0,0,0,0,-77,0,0,0,0,0,0,0,0,0,-75,-77,0,0,0,0,0,0,0,-72,-78,0,0,0,0,-64,-64,-63,-57,-73,0,0,0,0,0,-81,0,0,0,0,0,0,-66,-63,0,0,-59,-41,0,0,0,0,0,0,-83,0,-47,-47,-46,-59,-40,0,-52,-53,-59,-70,-53,-68,-53,-59,-47,0,-53,-59,-54,-55,-48,-47,0,-69,0,-69,-75,-74,-68,0,-76,0,0,-69,0,0,0,0,0,-71,0,0,0,0,0,0,0,0,0,0,0,0,0,0,-57,-57,-69,-67,-77,0,0,0,0,0,0,0,-70,0,-56,-57,-76,-57,0,0,0,0,-86,-71,-88,0,0,0,-70,0,-72,0,0,0,0,0,0,0,0,0,0,0,0,0,0,0,0,0,0,0,0,0,0,0,0,0,0,0,0,0,0,0,0,0,0
1545121468,0,0,0,0,-76,0,-77,-75,-76,-75,0,0,0,0,0,0,-27,0,0,0,0,0,0,-74,-71,-74,-76,-73,-67,-76,-68,-73,-77,-71,0,0,0,0,0,-73,0,0,0,-79,-74,-78,0,0,0,0,0,0,0,0,0,0,0,0,0,0,0,0,0,0,0,0,0,0,0,0,0,0,0,0,0,0,0,0,0,0,0,0,0,0,0,0,0,-75,0,0,0,0,0,0,0,0,0,0,0,0,0,0,0,0,0,0,0,-63,-73,0,0,0,0,0,-68,0,0,0,0,0,0,0,0,0,0,0,0,0,-77,0,0,0,0,0,0,0,0,0,-75,-77,0,0,0,0,0,0,0,-72,-78,0,0,0,0,-70,-68,-63,-57,-68,0,0,0,0,0,-81,0,0,0,0,0,0,-66,-61,0,0,-58,-42,0,0,0,0,0,0,-83,0,-41,-46,-41,-59,-42,0,-51,-51,-58,-70,-50,-58,-51,-57,-48,0,-51,-62,-49,-52,-52,-47,0,-69,0,-69,-75,-74,-68,0,-76,0,0,-65,0,0,0,0,0,-64,0,0,0,0,0,0,0,0,0,0,0,0,0,0,-66,-67,-58,-58,-77,0,0,0,0,0,0,0,-58,0,-68,-68,-77,-49,0,0,0,0,-86,-66,-88,0,0,0,-70,0,-72,0,0,0,0,0,0,0,0,0,0,0,0,0,0,0,0,0,0,0,0,0,0,0,0,0,0,0,0,0,0,0,0,0,0
1545121469,0,0,0,0,-77,0,-77,-75,-76,-75,0,0,0,0,0,0,-26,0,0,0,0,0,0,-74,-71,-74,-76,-73,-74,-76,-68,-73,-77,-71,0,0,0,0,0,-73,0,0,0,-78,-78,-78,0,0,0,0,0,0,0,0,0,0,0,0,0,0,0,0,0,0,0,0,0,0,0,0,0,0,0,0,0,0,0,0,0,0,0,0,0,0,0,0,0,-78,0,0,0,0,0,0,0,0,0,0,0,0,0,0,0,0,0,0,0,-63,-74,0,0,0,0,0,-73,0,0,0,0,0,0,0,0,0,0,0,0,0,-77,0,0,0,0,0,0,0,0,0,-75,-77,0,0,0,0,0,0,0,-72,-78,0,0,0,0,-70,-68,-63,-59,-74,0,0,0,0,0,-81,0,0,0,0,0,0,-66,-61,0,0,-63,-42,0,0,0,0,0,0,-83,0,-52,-52,-41,-59,-52,0,-51,-51,-64,-80,-51,-58,-51,-63,-48,0,-51,-63,-49,-55,-55,-47,0,-69,0,-69,-75,-74,-68,0,-76,0,0,-65,0,0,0,0,0,-64,0,0,0,0,0,0,0,0,0,0,0,0,0,0,-58,-59,-58,-58,-77,0,0,0,0,0,0,0,-69,0,-59,-58,-77,-59,0,0,0,0,-86,-66,-88,0,0,0,-79,0,-72,0,0,0,0,0,0,0,0,0,0,0,0,0,0,0,0,0,0,0,0,0,0,0,0,0,0,0,0,0,0,0,0,0,0
1545121470,0,0,0,0,-77,0,-77,-75,-76,-75,0,0,0,0,0,0,-26,0,0,0,0,0,0,-74,-71,-74,-76,-73,-73,-76,-68,-73,-77,-71,0,0,0,0,0,-73,0,0,0,-78,-78,-81,0,0,0,0,0,0,0,0,0,0,0,0,0,0,0,0,0,0,0,0,0,0,0,0,0,0,0,0,0,0,0,0,0,0,0,0,0,0,0,0,0,-78,0,0,0,0,0,0,0,0,0,0,0,0,0,0,0,0,0,0,0,-63,-74,0,0,0,0,0,-73,0,0,0,0,0,0,0,0,0,0,0,0,0,-77,0,0,0,0,0,0,0,0,0,-75,-77,0,0,0,0,0,0,0,-72,-75,0,0,0,0,-70,-64,-63,-59,-74,0,0,0,0,0,-81,0,0,0,0,0,0,-66,-61,0,0,-63,-42,0,0,0,0,0,0,-83,0,-50,-50,-41,-59,-50,0,-53,-52,-64,-80,-52,-58,-52,-56,-57,0,-52,-63,-57,-56,-57,-56,0,-56,0,-69,-75,-74,-68,0,-76,-85,0,-66,0,0,0,0,0,-69,0,0,0,0,0,0,0,0,0,0,0,0,0,0,-47,-48,-58,-58,-77,0,0,0,0,0,0,0,-69,0,-47,-47,-77,-47,0,0,0,0,-86,-66,-88,0,0,0,-79,0,-72,0,0,0,0,0,0,0,0,0,0,0,0,0,0,0,0,0,0,0,0,0,0,0,0,0,0,0,0,0,0,0,0,0,0
1545121471,0,0,0,0,-77,0,-77,-75,-76,0,0,0,0,0,0,0,-22,0,0,0,0,0,0,-74,-71,-74,-76,-73,-73,-76,-68,-73,-77,-71,0,0,0,0,0,-73,0,0,0,-79,-78,-79,0,0,0,0,0,0,0,0,0,0,0,0,0,0,0,0,0,0,0,0,0,0,0,0,0,0,0,0,0,0,0,0,0,0,0,0,0,0,0,0,0,-80,0,0,0,0,0,0,0,0,0,0,0,0,0,0,0,0,0,0,0,-67,-69,0,0,0,0,0,-69,0,0,0,0,0,0,0,0,0,0,0,0,0,-77,0,0,0,0,0,0,0,0,0,-75,-77,0,0,0,0,0,0,0,-72,-75,0,0,0,0,-70,-67,-65,-59,-74,0,0,0,0,0,-86,0,0,0,0,0,0,-66,-66,0,0,-59,-42,0,0,0,0,0,0,-83,0,-59,-60,-56,-58,-60,0,-54,-54,-64,-80,-54,-58,-54,-59,-49,0,-54,-59,-49,-49,-49,-49,0,-56,0,-69,-75,-74,0,0,-76,-79,0,-66,0,0,0,0,0,-69,0,0,0,0,0,0,0,0,0,0,0,0,0,0,-49,-48,-58,-58,-77,0,0,0,0,0,0,0,-69,0,-48,-48,-77,-49,0,0,0,0,-86,-66,-88,0,0,0,-79,0,-72,0,0,0,0,0,0,0,0,0,0,0,0,0,0,0,0,0,0,0,0,0,0,0,0,0,0,0,0,0,0,0,0,0,0
1545121472,0,0,0,0,-77,0,-77,-75,-76,0,0,0,0,0,0,0,-31,0,0,0,0,0,0,-74,-71,-74,-76,-73,-71,-76,-68,-75,-75,-71,0,0,0,0,0,-73,0,0,0,-79,-79,-76,0,0,0,0,0,0,0,0,0,0,0,0,0,0,0,0,0,0,0,0,0,0,0,0,0,0,0,0,0,0,0,0,0,0,0,0,0,0,0,0,0,-80,0,0,0,0,0,0,0,0,0,0,0,0,0,0,0,0,0,0,0,-71,-72,0,0,0,0,0,-71,0,0,0,0,0,0,0,0,0,0,0,0,0,-77,0,0,0,0,0,0,0,0,0,-75,-77,0,0,0,0,0,0,0,-69,-75,0,0,0,0,-70,-69,-69,-70,-73,0,0,0,0,0,-86,0,0,0,0,0,0,-66,-69,0,0,-67,-57,0,0,0,0,0,0,-83,0,-57,-58,-58,-58,-58,0,-44,-43,-67,-69,-51,-61,-43,-67,-47,0,-43,-61,-47,-48,-47,-47,0,-58,0,-69,-75,-74,0,0,-76,-79,0,-68,0,0,0,0,0,-69,0,0,0,0,0,0,0,0,0,0,0,0,0,0,-47,-46,-61,-61,-77,0,0,0,0,0,0,0,-57,0,-47,-47,-77,-47,0,0,0,0,-86,-66,-88,0,0,0,-79,0,-72,0,0,0,0,0,0,0,0,0,0,0,0,0,0,0,0,0,0,0,0,0,0,0,0,0,0,0,0,0,0,0,0,0,0
1545121473,0,0,0,0,-77,0,-77,-75,-76,0,0,0,0,0,0,0,-33,0,0,0,0,0,0,-74,-71,-74,-76,-73,-77,-76,-68,-75,-75,-71,0,0,0,0,0,-73,0,0,0,-75,-79,-76,0,0,0,0,0,0,0,0,0,0,0,0,0,0,0,0,0,0,0,0,0,0,0,0,0,0,0,0,0,0,0,0,0,0,0,0,0,0,0,0,0,-80,0,0,0,0,0,0,0,0,0,0,0,0,0,0,0,0,0,0,0,-71,-79,0,0,0,0,0,-71,0,0,0,0,0,0,0,0,0,0,0,0,0,-70,0,0,0,0,0,0,0,0,0,-75,-77,0,0,0,0,0,0,0,-69,-71,0,0,0,0,-69,-69,-69,-69,-76,0,0,0,0,0,-86,0,0,0,0,0,0,-66,-69,0,0,-66,-55,0,0,0,0,0,0,-83,0,-55,-55,-55,-66,-56,0,-46,-47,-67,-71,-46,-61,-43,-66,-52,0,-46,-66,-52,-52,-47,-52,0,-62,0,-69,-75,-74,0,0,-76,-79,0,-73,0,0,0,0,0,-69,0,0,0,0,0,0,0,0,0,0,0,0,0,0,-47,-47,-61,-61,-77,0,0,0,0,0,0,0,-57,0,-47,-47,-77,-47,0,0,0,0,-86,-66,-88,0,0,0,-79,0,-72,0,0,0,0,0,0,0,0,0,0,0,0,0,0,0,0,0,0,0,0,0,0,0,0,0,0,0,0,0,0,0,0,0,0
1545121474,0,0,0,0,-76,0,-77,-75,-76,0,0,0,0,0,0,0,-44,0,0,0,0,0,0,-74,-71,-74,-76,-73,-68,-76,-68,-75,-75,-71,0,0,0,0,0,-85,0,0,0,-75,-76,-76,0,0,0,0,0,0,0,0,0,0,0,0,0,0,0,0,0,0,0,0,0,0,0,0,0,0,0,0,0,0,0,0,0,0,0,0,0,0,0,0,0,-76,0,0,0,0,0,0,0,0,0,0,0,0,0,0,0,0,0,0,0,-71,-75,0,0,0,0,0,-75,0,0,0,0,0,0,0,0,0,0,0,0,0,-70,0,0,0,0,0,0,0,0,0,-70,-70,0,0,0,0,0,0,0,-69,-71,0,0,0,0,-69,-67,-70,-69,-75,0,0,0,0,0,-86,0,0,0,0,0,0,-66,-69,0,0,-67,-55,0,0,0,0,0,0,-83,0,-56,-61,-55,-66,-56,0,-47,-41,-68,-71,-42,-62,-43,-66,-52,0,-42,-66,-52,-51,-48,-52,0,-61,0,-69,-75,-74,0,0,-76,-79,0,-64,0,0,0,0,0,-69,0,0,0,0,0,0,0,0,0,0,0,0,0,0,-46,-45,-62,-61,-77,0,0,0,0,0,0,0,-59,0,-46,-45,-78,-46,0,0,0,-70,-86,-66,-88,0,0,0,-79,0,-72,0,0,0,0,-76,0,0,0,0,-77,0,0,0,0,0,0,0,0,0,0,0,0,0,0,0,0,0,0,0,0,0,0,0,0
1545121475,0,0,0,0,-76,0,-77,0,0,0,0,0,0,0,0,0,-55,0,0,0,0,0,0,-74,-71,-74,-76,-73,-68,-76,-68,-75,-75,-71,0,0,0,0,0,-85,0,0,0,-75,-76,-76,0,0,0,0,0,0,0,0,0,0,0,0,0,0,0,0,0,0,0,0,0,0,0,0,0,0,0,0,0,0,0,0,0,0,0,0,0,0,0,0,0,-76,0,0,0,0,0,0,0,0,0,0,0,0,0,0,0,0,0,0,0,-71,-75,0,0,0,0,0,-75,0,0,0,0,0,0,0,0,0,0,0,0,0,-76,0,0,0,0,0,0,0,0,0,-75,-70,0,0,0,0,0,0,0,-69,-75,0,0,0,0,-69,-67,-70,-69,-78,0,0,0,0,0,-86,0,0,0,0,0,0,-66,-69,0,0,-64,-55,0,0,0,0,0,0,-83,0,-57,-57,-57,-65,-57,0,-43,-43,-64,-74,-44,-60,-43,-64,-52,0,-43,-64,-45,-52,-53,-52,0,-60,0,-69,-75,-74,0,0,-76,-79,-78,-66,0,0,0,0,0,-65,0,0,0,0,0,0,0,0,0,0,0,0,0,0,-48,-48,-60,-60,-77,0,0,0,0,0,0,0,-60,0,-43,-43,-78,-43,0,0,0,-70,-86,-66,-88,0,0,0,-79,0,-72,0,0,0,0,-76,0,0,0,-72,-77,0,0,0,0,0,0,0,0,0,0,0,0,0,0,0,0,0,0,0,0,0,0,0,0
1545121476,0,0,0,0,-76,0,-77,0,0,0,0,0,0,0,0,0,-27,0,0,0,0,0,0,-74,-71,-74,-76,-73,-68,-76,-68,-75,-75,-71,0,0,0,0,0,-85,0,0,0,-75,-76,-76,0,0,0,0,0,0,0,0,0,0,0,0,0,0,0,0,0,0,0,0,0,0,0,0,0,0,0,0,0,0,0,0,0,0,0,0,0,0,0,0,0,-76,0,0,0,0,0,0,0,0,0,0,0,0,0,0,0,0,0,0,0,-71,-74,0,0,0,0,0,-75,0,0,0,0,0,0,0,0,0,0,0,0,0,-76,0,0,0,0,0,0,0,0,0,-75,-70,0,0,0,0,0,0,0,-69,-75,0,0,0,0,-69,-67,-75,-69,-74,0,0,0,0,0,-86,0,0,0,0,0,0,-66,-69,0,0,-66,-55,0,0,0,0,0,0,-83,0,-60,-61,-57,-66,-60,0,-45,-45,-66,-73,-45,-64,-45,-64,-51,0,-43,-66,-52,-52,-52,-51,0,-60,0,0,-75,-74,0,0,-76,-79,-78,-73,0,0,0,0,0,-65,0,0,0,0,0,0,0,0,0,0,0,0,0,0,-48,-45,-60,-60,-77,0,0,0,0,0,0,0,-60,-73,-43,-43,-73,-45,0,0,0,-70,-86,-66,-88,0,0,0,-79,0,-72,0,0,0,0,-77,0,0,0,-72,-77,0,0,0,0,0,0,0,0,0,0,0,0,0,0,0,0,0,0,0,0,0,0,0,0
1545121477,0,0,0,0,-76,0,-77,0,0,0,0,0,0,0,0,0,-18,0,-88,0,0,0,0,-74,-71,-74,-76,-73,-77,-76,-68,-75,-75,-71,0,0,0,0,0,-85,0,0,0,-75,-76,-76,0,0,0,0,0,0,0,0,0,0,0,0,0,0,0,0,0,0,0,0,0,0,0,0,0,0,0,0,0,0,0,0,0,0,0,0,0,0,0,0,0,-77,0,0,0,0,0,0,0,0,0,0,0,0,0,0,0,0,0,0,0,-71,-77,0,0,0,0,0,-75,0,0,0,0,0,0,0,0,0,0,0,0,0,-76,0,0,0,0,0,0,0,0,0,-71,-70,0,0,0,0,0,0,0,-69,-75,0,0,0,0,-69,-67,-75,-69,-73,0,0,0,0,0,-86,0,0,0,0,0,0,-66,-69,0,0,-68,-68,0,0,0,0,0,0,-83,0,-60,-61,-57,-67,-60,0,-51,-54,-68,-73,-53,-64,-52,-68,-48,0,-52,-68,-48,-49,-48,-48,0,-56,0,0,-75,-74,0,0,-76,-79,-78,-70,0,0,0,0,0,-70,0,0,0,0,0,0,0,0,0,0,0,0,0,0,-46,-46,-60,-60,-77,0,0,0,0,0,0,0,-53,-73,-46,-47,-73,-46,0,0,0,-70,-86,-66,-88,0,0,0,-79,0,-72,0,0,0,0,-77,0,0,0,-72,-77,0,0,-75,0,0,0,0,0,0,0,0,0,0,0,0,0,0,0,0,0,0,0,-76,0
1545121478,0,0,0,0,-76,0,-77,0,0,0,0,0,0,0,0,0,-35,0,-88,0,0,0,0,-74,-71,-74,-76,-73,-77,-76,-68,-75,-75,-71,0,0,0,0,0,-85,0,0,0,-75,-76,-77,0,0,0,0,0,0,0,0,0,0,0,0,0,0,0,0,0,0,0,0,0,0,0,0,0,0,0,0,0,0,0,0,0,0,0,0,0,0,0,0,0,-77,0,0,0,0,0,0,0,0,0,0,0,0,0,0,0,0,0,0,0,-71,-77,0,0,0,0,0,-75,0,0,0,0,0,0,0,0,0,0,0,0,0,-76,0,0,0,0,0,0,0,0,0,-71,-70,0,0,0,0,0,0,0,-69,-75,0,0,0,0,-69,-67,-75,-69,-73,0,0,0,0,0,-86,0,0,0,0,0,0,-66,-69,0,0,-68,-68,0,0,0,0,0,0,-83,0,-60,-61,-57,-67,-60,0,-46,-46,-75,-74,-46,-64,-46,-76,-48,0,-46,-68,-52,-52,-52,-52,0,-56,0,0,-75,-74,0,0,-76,-79,-78,-70,0,0,0,0,0,-70,0,0,0,0,0,0,0,0,0,0,0,0,0,0,-61,-61,-60,-60,-77,0,0,0,0,0,0,0,-53,-73,-46,-61,-75,-61,0,0,0,-70,-86,-66,-88,0,0,0,-79,0,-72,0,0,0,0,-77,0,0,0,-72,-77,0,0,-75,0,0,0,0,0,0,0,0,0,0,0,0,0,0,0,0,0,-74,0,-76,0
1545121479,0,0,0,0,-76,0,-77,0,0,0,0,0,0,0,0,0,-31,0,-88,0,0,0,0,-74,-71,-74,-76,-73,-72,-76,-68,-75,-75,-71,0,0,0,0,0,-85,0,0,0,-75,-76,-77,0,0,0,0,0,0,0,0,0,0,0,0,0,0,0,0,0,0,0,0,0,0,0,0,0,0,0,0,0,0,0,0,0,0,0,0,0,0,0,0,0,-77,0,0,0,0,0,0,0,0,0,0,0,0,0,0,0,0,0,0,0,-71,-72,0,0,0,0,0,-72,0,0,0,0,0,0,0,0,0,0,0,0,0,-76,0,0,0,0,0,0,0,0,0,-71,-70,0,0,0,0,0,0,0,-69,-75,0,0,0,0,-75,-67,-75,-69,-73,0,0,0,0,0,-86,0,0,0,0,0,0,-66,-69,0,0,-76,-68,0,0,0,0,0,0,-83,0,-60,-61,-57,-67,-60,0,-46,-55,-77,-74,-55,-56,-55,-72,-50,0,-56,-68,-51,-50,-51,-50,0,-56,0,0,-75,-74,0,0,-76,-79,-78,-71,0,0,0,0,0,-71,0,0,0,0,0,0,0,0,0,0,0,0,0,0,-49,-49,-60,-56,-77,0,0,0,0,0,0,0,-56,-73,-49,-49,-74,-49,0,0,0,-70,-86,-66,-88,0,0,0,-79,0,-72,0,0,0,0,-77,0,0,-76,-72,-77,0,0,-76,0,0,-78,0,0,0,0,0,0,0,0,0,0,0,0,0,0,-74,0,-76,0
1545121481,0,0,0,0,-76,0,0,0,0,0,0,0,0,0,0,0,-27,0,-88,0,0,0,0,0,-71,0,-76,0,-72,-76,-68,-75,-75,-71,0,0,0,0,0,-85,0,0,0,-75,-76,-77,0,0,0,0,0,0,0,0,0,0,0,0,0,0,0,0,0,0,0,0,0,0,0,0,0,0,0,0,-78,0,0,0,0,0,0,0,0,0,0,0,0,-77,0,0,0,0,0,0,0,0,0,0,0,0,0,0,0,0,0,0,0,-71,-72,0,0,0,0,0,-72,0,0,0,0,0,0,0,0,0,0,0,0,0,-76,0,0,0,0,0,0,0,0,0,-71,-70,0,0,0,0,0,0,0,-69,-75,0,0,0,0,-75,-67,-75,-69,-73,0,0,0,0,0,-86,0,0,0,0,0,0,-66,-69,0,0,-76,-68,0,0,0,0,0,0,-83,0,-60,-61,-57,-67,-60,0,-46,-55,-77,-74,-55,-56,-55,-72,-58,0,-60,-68,-58,-50,-59,-58,0,-56,0,0,0,-74,0,0,-76,-73,-78,-67,0,0,0,0,0,-71,0,0,0,0,0,0,0,0,0,0,0,0,0,0,-50,-50,-60,-56,0,0,0,0,0,0,0,0,-56,-73,-50,-51,-74,-50,0,0,0,-84,-86,-66,-88,0,0,0,-79,0,-72,0,0,0,0,-77,0,0,-76,-72,-77,0,0,-76,0,0,-72,0,0,0,0,0,0,0,0,0,0,0,0,0,0,-74,0,-76,0
1545121482,0,0,0,0,-76,0,0,0,0,0,0,0,0,0,0,0,-25,0,-80,0,0,0,0,0,-71,0,-76,0,-72,-76,-68,-75,-75,-71,0,0,0,0,0,-85,0,0,0,-75,-76,-77,0,0,0,0,0,0,0,0,0,0,0,0,0,0,0,0,0,0,0,0,0,0,0,0,0,0,0,0,-78,0,0,0,0,0,0,0,0,0,0,0,0,-77,0,0,0,0,0,0,0,0,0,0,0,0,0,0,0,0,0,0,0,-71,-72,0,0,0,0,0,-72,0,0,0,0,0,0,0,0,0,0,0,0,0,-76,0,0,0,0,0,0,0,0,0,-71,-70,0,0,0,0,0,0,0,-69,-75,0,0,0,0,-75,-67,-75,-74,-73,0,0,0,0,0,-86,0,0,0,0,0,0,-66,-69,0,-76,-76,-68,0,0,0,0,0,0,-83,0,-60,-61,-57,-74,-60,0,-46,-55,-74,-74,-55,-56,-55,-72,-54,0,-60,-74,-61,-55,-61,-54,0,-56,0,0,0,-74,0,0,-76,-78,-78,-72,0,0,0,0,0,-65,0,0,0,0,0,0,0,0,0,0,0,0,0,0,-47,-48,-60,-56,0,0,0,0,0,0,0,0,-56,-70,-48,-48,-74,-47,0,0,0,-84,-86,-66,-74,0,0,0,-79,0,-72,0,0,0,0,-77,0,0,-76,-72,-77,0,0,-76,0,0,-72,0,0,0,0,0,0,0,0,0,0,0,0,0,0,-74,0,-76,0
1545121483,0,0,0,0,-77,0,0,0,0,0,0,0,0,0,0,0,-24,0,-78,0,0,0,0,0,-71,0,-76,0,-81,-76,-68,-75,-75,-71,0,0,0,0,-83,-85,0,0,0,-75,-76,-77,0,0,0,0,0,0,0,0,0,0,0,0,0,0,0,0,0,0,0,0,0,0,0,0,0,0,0,0,-78,0,0,0,0,0,0,0,0,0,0,0,0,-77,0,0,0,0,0,0,0,0,0,0,0,0,0,0,0,0,0,0,0,-71,-80,0,0,0,0,0,-72,0,0,0,0,0,0,0,0,0,0,0,0,0,-76,0,0,0,0,0,0,0,0,0,-78,-70,0,0,0,0,0,0,0,-69,-78,0,0,0,0,-72,-72,-72,-71,-73,0,0,0,0,0,-83,0,0,0,0,0,0,-66,-72,0,-76,-76,-68,0,0,0,0,0,0,-83,0,-60,-61,-57,-74,-60,0,-46,-55,-74,-74,-55,-56,-55,-72,-57,0,-60,-72,-57,-57,-61,-57,0,-56,0,0,0,-74,0,0,-76,-78,-78,-70,0,0,0,0,0,-65,0,0,0,0,0,0,0,0,0,0,0,0,0,0,-48,-47,-60,-56,0,0,0,0,0,0,0,0,-56,-70,-47,-47,-71,-47,0,0,0,-84,-86,-66,-74,0,0,0,-79,0,-72,0,0,0,-76,-77,0,0,-76,-75,-77,0,0,-76,0,0,-72,-72,0,0,0,0,0,0,0,0,0,0,0,0,0,-74,0,-76,0
1545121484,0,0,0,0,-77,0,0,0,0,0,0,0,0,0,0,0,-43,0,-78,0,0,0,0,0,-71,0,-76,0,-77,-76,-68,-75,-75,-71,0,0,0,0,-84,-85,0,0,0,-75,-76,-77,0,0,0,0,0,0,0,0,0,0,0,0,0,0,0,0,0,0,0,0,0,0,0,0,0,0,0,0,-78,0,0,0,0,0,0,0,0,0,0,0,0,-77,0,0,0,0,0,0,0,0,0,0,0,0,0,0,0,0,0,0,0,-71,-77,0,0,0,0,0,-72,0,0,0,0,0,0,0,0,0,0,0,0,0,-76,0,0,0,0,0,0,0,0,0,-78,-70,0,0,0,0,0,0,0,-69,-78,0,0,0,0,-72,-72,-72,-71,-73,0,0,0,0,0,-83,0,0,0,0,0,0,-66,-72,0,-76,-76,-68,0,0,0,0,0,0,-83,0,-60,-61,-57,-74,-60,0,-53,-55,-74,-78,-55,-56,-55,-72,-57,0,-60,-72,-57,-58,-58,-57,0,-56,0,0,0,0,0,0,-76,-78,-78,-74,0,0,0,0,0,-65,0,0,0,0,0,0,0,0,0,0,0,0,0,0,-48,-47,-60,-56,0,0,0,0,0,0,0,0,-56,-70,-47,-47,-71,-47,0,0,0,-84,-86,-66,-85,0,0,0,-79,0,-72,0,0,0,-76,-77,0,0,-76,-75,-77,0,0,-76,0,0,-72,-72,0,0,0,0,0,0,0,0,0,0,0,0,0,-74,0,-76,0
1545121485,0,0,0,0,-77,0,0,0,0,0,0,0,0,0,0,0,-24,0,-79,0,0,0,0,0,0,0,-76,0,-77,-76,-68,-75,-75,-71,0,0,0,0,-84,-85,0,0,0,-75,-76,-77,0,0,0,0,0,0,0,0,0,0,0,0,0,0,0,0,0,0,0,0,0,0,0,0,0,0,0,0,-78,0,0,0,0,0,0,0,0,0,0,0,0,-77,0,0,0,0,0,0,0,0,0,0,0,0,0,0,0,0,0,0,0,-71,-77,0,0,0,0,0,-72,0,0,0,0,0,0,0,0,0,0,0,0,0,-76,0,0,0,0,0,0,0,0,0,-78,-70,0,0,0,0,0,0,0,-69,-78,0,0,0,0,-72,-72,-72,-71,-73,0,0,0,0,0,-83,0,0,0,0,0,0,-66,-72,0,-76,-76,-68,0,0,0,0,0,0,-83,0,-60,-61,-57,-74,-60,0,-54,-53,-76,-78,-54,-56,-54,-72,-58,0,-54,-72,-58,-58,-57,-57,0,-56,0,0,0,0,0,0,-76,-78,-78,-77,0,0,0,0,0,-72,0,0,0,0,0,0,0,0,0,0,0,0,0,0,-48,-48,-60,-56,0,0,0,0,0,0,0,0,-56,-70,-48,-48,-71,-48,0,0,0,-73,-86,-66,-83,0,0,0,-79,0,-72,0,0,0,-76,-77,0,0,-76,-75,-77,0,0,-80,-76,0,-75,-72,0,0,0,0,0,0,0,0,0,0,0,0,0,-74,-81,-76,0
1545121486,0,0,0,0,-77,0,0,0,0,0,0,0,0,0,0,0,-16,0,-79,0,0,0,0,0,0,0,-76,0,-77,-76,-68,-75,-75,-71,0,0,0,0,-84,-85,0,0,0,-75,-76,-77,0,0,0,0,0,0,0,0,0,0,0,0,0,0,0,0,0,0,0,0,0,0,0,0,0,0,0,0,-78,0,0,0,0,0,0,0,0,0,0,0,0,-77,0,0,0,0,0,0,0,0,0,0,0,0,0,0,0,0,0,0,0,-71,-77,0,0,0,0,0,-72,0,0,0,0,0,0,0,0,0,0,0,0,0,-76,0,0,0,0,0,0,0,0,0,-78,-70,0,0,0,0,0,0,0,-69,-78,0,0,0,0,-72,-71,-72,-71,-73,0,0,0,0,0,-83,0,0,0,0,0,0,-66,-72,0,-76,-76,-68,0,0,0,0,0,0,-83,0,-60,-61,-57,-74,-60,0,-54,-61,-76,-78,-61,-56,-61,-72,-54,0,-61,-72,-58,-56,-56,-57,0,-56,0,0,0,0,0,0,-76,-78,-78,-73,0,0,0,0,0,-71,0,0,0,0,0,0,0,0,0,0,0,0,0,0,-51,-52,-60,-56,0,0,0,0,0,0,0,0,-56,-70,-52,-51,-71,-48,0,0,0,-73,-86,-66,-83,0,0,0,-79,0,-72,0,0,0,-76,-81,0,0,-75,-74,-77,0,0,-77,-75,0,-75,-72,0,0,0,0,0,0,0,0,0,0,0,0,0,-74,-76,-76,0
1545121487,0,0,0,0,-77,0,0,0,0,0,0,0,0,0,0,0,-23,0,-79,0,0,0,0,0,0,0,-76,0,-77,-76,-68,-75,-75,-71,0,0,0,0,-84,-85,0,0,0,-75,-76,-77,0,0,0,0,0,0,0,0,0,0,0,0,0,0,0,0,0,0,0,0,0,0,0,0,0,0,0,0,-78,0,0,0,0,0,0,0,0,0,0,0,0,-77,0,0,0,0,0,0,0,0,0,0,0,0,0,0,0,0,0,0,0,-71,-77,0,0,0,0,0,-72,0,0,0,0,0,0,0,0,0,0,0,0,0,-76,0,0,0,0,0,0,0,0,0,-78,-70,0,0,0,0,0,0,0,-69,-78,0,0,0,0,-72,-71,-72,-71,-73,0,0,0,0,0,-83,0,0,0,0,0,0,-66,-72,0,-76,-76,-68,0,0,0,0,0,0,-83,0,-60,-61,-57,-74,-60,0,-61,-55,-76,-78,-61,-56,-55,-77,-56,0,-55,-72,-56,-56,-56,-56,0,-56,0,0,0,0,0,0,-76,-78,-78,-68,0,0,0,0,0,-72,0,0,0,0,0,0,0,0,0,0,0,0,0,0,-48,-48,-60,-56,0,0,0,0,0,0,0,0,-56,-70,-49,-48,-71,-49,0,0,0,-73,0,-66,-78,0,0,0,-79,0,-72,0,0,0,-76,-81,0,0,-75,-74,-77,0,0,-77,-75,0,-75,-72,0,0,0,0,0,0,0,0,0,0,0,0,0,-74,-76,-76,0
1545121488,0,0,0,0,-77,0,0,0,0,0,0,0,0,0,0,0,-47,0,-79,0,0,0,0,0,0,0,-76,0,-77,-76,-68,-75,-75,-71,0,0,0,0,-84,-85,0,0,0,-75,-76,-77,0,0,0,0,0,0,0,0,0,0,0,0,0,0,0,0,0,0,0,0,0,0,0,0,0,0,0,0,-78,0,0,0,0,0,0,0,0,0,0,0,0,-77,0,0,0,0,0,0,0,0,0,0,0,0,0,0,0,0,0,0,0,-71,-77,0,0,0,0,0,-72,0,0,0,0,0,0,0,0,0,0,0,0,0,-76,0,0,0,0,0,0,0,0,0,-78,-70,0,0,0,0,0,0,0,-69,-78,0,0,0,0,-72,-71,-72,-71,-73,0,0,0,0,0,-83,0,0,0,0,0,0,-66,-72,0,-76,-76,-68,0,0,0,0,0,0,-83,0,-60,-61,-57,-74,-60,0,-53,-55,-76,-78,-61,-56,-54,-77,-55,0,-53,-72,-56,-55,-56,-56,0,-56,0,0,0,0,0,0,0,-78,-78,-68,0,0,0,0,0,-72,0,0,0,0,0,0,0,0,0,0,0,0,0,0,-49,-49,-60,-56,0,0,0,0,0,0,0,0,-56,-68,-49,-49,-71,-49,0,0,0,-73,0,-66,-78,0,0,0,-79,0,-72,0,0,0,-76,-81,0,0,-75,-74,-77,0,0,-77,-75,-87,-75,-72,0,0,0,0,0,0,0,0,0,0,0,0,0,-74,-79,-76,0
1545121489,0,0,0,0,-77,0,0,0,0,0,0,0,0,0,0,0,-22,0,-79,0,0,0,0,0,0,0,0,0,-77,-76,-68,-75,-75,-71,0,0,0,0,-84,-85,0,0,0,-75,-76,-77,0,0,0,0,0,0,0,0,0,0,0,0,0,0,0,0,0,0,0,0,0,0,0,0,0,0,0,0,-78,0,0,0,0,0,0,0,0,0,0,0,0,-77,0,0,0,0,0,0,0,0,0,0,0,0,0,0,0,0,0,0,0,-71,-77,0,0,0,0,0,-72,0,0,0,0,0,0,0,0,0,0,0,0,0,-76,0,0,0,0,0,0,0,0,0,-78,-70,0,0,0,0,0,0,0,-69,-78,0,0,0,0,-72,-71,-72,-70,-73,0,0,0,0,0,-83,0,0,0,0,0,0,0,-72,0,-76,-76,-68,0,0,0,0,0,0,-83,0,-60,-61,-57,-74,-60,0,-65,-55,-76,-78,-61,-56,-64,-77,-55,0,-65,-72,-55,-55,-56,-56,0,-56,0,0,0,0,0,0,0,-78,-78,-72,0,0,0,0,0,-68,0,0,0,0,0,0,0,0,0,0,0,0,0,0,-48,-48,-60,-56,0,0,0,0,0,0,0,0,-56,-68,-48,-48,-75,-48,0,0,0,-73,0,-66,-77,0,0,-77,-79,0,-72,0,0,0,-76,-81,0,0,-75,-74,-77,0,0,-77,-75,-87,-75,-72,0,0,0,0,0,0,0,0,0,0,0,0,0,-74,-79,-76,0